{"_step":4,"train/loss":9.238590240478516,"train/lr":1.6e-07,"step":4,"_wandb":{"runtime":38},"_timestamp":1.748654694842605e+09,"_runtime":31.098483}